degree,shifted_features,accuracy,delta_accuracy,roc_auc,delta_auc
0.0,0,0.8201478539115084,0.0,0.8954421471682553,0.0
0.125,1,0.5182610614586781,-0.36808825507870313,0.5568254456616745,-0.3781558669953405
0.25,2,0.5061238000662033,-0.38288712498318306,0.5342402407775059,-0.40337827243559365
0.375,3,0.5010482180293501,-0.38907574330687483,0.5141547682256798,-0.4258090599692655
0.5,4,0.48670418183824343,-0.40656531683035113,0.4662229785022074,-0.47933768811688154
0.625,5,0.49277281253448085,-0.39916588187811114,0.47784371014836546,-0.46636004161799
0.75,6,0.49277281253448085,-0.39916588187811114,0.4821669657114746,-0.4615319736330498
0.875,7,0.4925521350546177,-0.39943495224001074,0.47400979385013153,-0.4706416317914683
1.0,8,0.4272316010151164,-0.4790797793623032,0.5,-0.4416166342167396
